profile_pk,old_employee_id,new_employee_id
2,FFI-405062,FFI-0001
1,FFI-176955,FFI-0002
22,FFI-504054,FFI-0003
50,FFI-960525,FFI-0004
41,FFI-601389,FFI-0005
49,FFI-253219,FFI-0006
53,FFI-948796,FFI-0007
17,FFI-413195,FFI-0008
19,FFI-064498,FFI-0009
10,FFI-521952,FFI-0010
11,FFI-597819,FFI-0011
15,FFI-582708,FFI-0012
48,FFI-332056,FFI-0013
12,FFI-211408,FFI-0014
4,FFI-038439,FFI-0015
13,FFI-552005,FFI-0016
25,FFI-525063,FFI-0017
32,FFI-809929,FFI-0018
5,FFI-281568,FFI-0019
21,FFI-435392,FFI-0020
9,FFI-717563,FFI-0021
6,FFI-130184,FFI-0022
39,FFI-020291,FFI-0023
38,FFI-770435,FFI-0024
23,FFI-231125,FFI-0025
42,FFI-656879,FFI-0026
43,FFI-001472,FFI-0027
47,FFI-321181,FFI-0028
30,FFI-394368,FFI-0029
26,FFI-193533,FFI-0030
45,FFI-027418,FFI-0031
7,FFI-808876,FFI-0032
37,FFI-734626,FFI-0033
35,FFI-030261,FFI-0034
3,FFI-494083,FFI-0035
31,FFI-835833,FFI-0036
20,FFI-696514,FFI-0037
24,FFI-551174,FFI-0038
34,FFI-819016,FFI-0039
36,FFI-557635,FFI-0040
67,FFI-867751,FFI-0041
33,FFI-655467,FFI-0042
16,FFI-739463,FFI-0043
14,FFI-587568,FFI-0044
86,FFI-996360,FFI-0045
8,FFI-387310,FFI-0046
28,FFI-447569,FFI-0047
44,FFI-296548,FFI-0048
46,FFI-548714,FFI-0049
18,FFI-405071,FFI-0050
69,FFI-361209,FFI-0051
27,FFI-742032,FFI-0052
40,FFI-272295,FFI-0053
78,FFI-671870,FFI-0054
52,FFI-661749,FFI-0055
51,FFI-514505,FFI-0056
64,FFI-910797,FFI-0057
70,FFI-180341,FFI-0058
74,FFI-064303,FFI-0059
76,FFI-306963,FFI-0060
85,FFI-238185,FFI-0061
